ID,StateID,MonthName,Year,TargetAmount,CreatedBy,CreatedOn,IsActive
1,1,January,2019,19932,1,2020:03:06 16:41:28,1
2,1,February,2019,15034,1,2020:05:06 15:33:47,1
3,1,March,2019,11822,1,2023:05:08 14:10:03,1
4,1,April,2019,13760,1,2020:05:09 09:57:40,1
5,1,May,2019,17676,1,2023:01:10 13:21:46,1
6,1,June,2019,18431,1,2020:01:06 16:36:10,1
7,1,July,2019,18967,1,2020:03:17 19:47:53,1
8,1,August,2019,11930,1,2019:02:10 15:52:41,1
9,1,September,2019,19285,1,2019:04:05 12:27:36,1
10,1,October,2019,16232,1,2020:05:24 20:50:26,1
11,1,November,2019,17908,1,2021:03:23 17:39:32,1
12,1,December,2019,10269,1,2023:04:15 16:08:10,1
13,1,January,2020,12331,1,2023:05:15 11:45:50,1
14,1,February,2020,15803,1,2024:03:23 12:52:23,1
15,1,March,2020,10370,1,2021:02:15 18:30:55,1
16,1,April,2020,15854,1,2022:01:30 22:53:45,1
17,1,May,2020,12386,1,2022:05:29 22:06:27,1
18,1,June,2020,17556,1,2021:02:14 17:00:24,1
19,1,July,2020,14503,1,2020:01:24 11:17:27,1
20,1,August,2020,17904,1,2024:05:11 18:26:54,1
21,1,September,2020,13477,1,2024:04:12 12:53:32,1
22,1,October,2020,18981,1,2021:03:25 20:16:28,1
23,1,November,2020,10545,1,2024:03:04 12:39:12,1
24,1,December,2020,13510,1,2023:01:02 10:59:56,1
25,1,January,2021,19519,1,2020:05:09 13:33:45,1
26,1,February,2021,19030,1,2019:01:27 09:44:20,1
27,1,March,2021,14601,1,2019:03:27 17:40:07,1
28,1,April,2021,10253,1,2022:03:24 09:32:49,1
29,1,May,2021,17546,1,2021:05:31 09:53:50,1
30,1,June,2021,19531,1,2023:02:07 15:35:05,1
31,1,July,2021,17854,1,2019:03:11 18:14:46,1
32,1,August,2021,15219,1,2020:04:21 22:53:18,1
33,1,September,2021,16612,1,2023:05:19 20:13:48,1
34,1,October,2021,11615,1,2023:04:08 19:42:03,1
35,1,November,2021,16731,1,2022:05:18 20:32:21,1
36,1,December,2021,12860,1,2023:01:12 22:13:23,1
37,1,January,2022,10149,1,2021:04:16 20:23:14,1
38,1,February,2022,15214,1,2020:01:18 17:14:15,1
39,1,March,2022,16529,1,2020:03:06 12:02:26,1
40,1,April,2022,17593,1,2021:01:26 13:50:51,1
41,1,May,2022,14828,1,2020:01:10 21:54:00,1
42,1,June,2022,17000,1,2019:02:12 14:50:21,1
43,1,July,2022,10797,1,2020:02:09 13:59:40,1
44,1,August,2022,13044,1,2019:04:17 17:35:26,1
45,1,September,2022,12230,1,2021:01:15 10:47:33,1
46,1,October,2022,12773,1,2022:03:11 11:36:06,1
47,1,November,2022,10568,1,2024:02:06 17:32:47,1
48,1,December,2022,16418,1,2019:03:22 09:09:49,1
49,1,January,2023,14511,1,2023:02:16 10:48:42,1
50,1,February,2023,11397,1,2021:04:08 10:38:43,1
51,1,March,2023,18669,1,2020:03:09 14:45:07,1
52,1,April,2023,16189,1,2019:05:05 21:37:43,1
53,1,May,2023,10545,1,2020:05:28 22:16:02,1
54,1,June,2023,15760,1,2019:01:25 09:52:15,1
55,1,July,2023,14796,1,2023:02:25 09:56:21,1
56,1,August,2023,16491,1,2024:04:27 15:53:32,1
57,1,September,2023,11109,1,2021:02:26 09:45:38,1
58,1,October,2023,18411,1,2024:02:20 10:41:05,1
59,1,November,2023,19253,1,2024:02:13 16:58:42,1
60,1,December,2023,15056,1,2024:05:08 22:22:29,1
61,2,January,2019,15409,1,2024:04:21 22:02:10,1
62,2,February,2019,16609,1,2024:02:18 12:49:53,1
63,2,March,2019,19633,1,2020:02:27 14:26:25,1
64,2,April,2019,10654,1,2020:02:20 09:50:30,1
65,2,May,2019,17538,1,2021:05:23 18:40:38,1
66,2,June,2019,16280,1,2022:01:01 21:42:48,1
67,2,July,2019,12190,1,2021:04:27 12:03:41,1
68,2,August,2019,10643,1,2019:01:23 16:03:55,1
69,2,September,2019,10172,1,2022:01:31 18:01:30,1
70,2,October,2019,12435,1,2023:03:06 21:19:41,1
71,2,November,2019,18205,1,2023:04:12 18:38:54,1
72,2,December,2019,15230,1,2023:03:20 22:52:43,1
73,2,January,2020,11260,1,2023:02:13 11:29:43,1
74,2,February,2020,14617,1,2023:04:17 16:19:14,1
75,2,March,2020,14194,1,2024:01:24 17:27:05,1
76,2,April,2020,10614,1,2022:05:05 14:32:27,1
77,2,May,2020,19742,1,2019:05:11 18:23:03,1
78,2,June,2020,17849,1,2019:01:05 13:12:41,1
79,2,July,2020,12800,1,2019:01:24 11:06:31,1
80,2,August,2020,19705,1,2019:05:22 19:16:58,1
81,2,September,2020,18078,1,2021:05:19 18:33:47,1
82,2,October,2020,10973,1,2020:03:30 19:54:12,1
83,2,November,2020,13232,1,2021:01:23 15:58:31,1
84,2,December,2020,14389,1,2022:03:19 15:53:26,1
85,2,January,2021,15619,1,2024:04:05 22:00:34,1
86,2,February,2021,11082,1,2021:02:04 13:35:36,1
87,2,March,2021,13808,1,2019:04:29 11:05:36,1
88,2,April,2021,14234,1,2020:02:28 10:42:16,1
89,2,May,2021,11228,1,2023:03:14 16:19:55,1
90,2,June,2021,18820,1,2020:01:01 16:53:24,1
91,2,July,2021,18550,1,2023:02:28 20:01:09,1
92,2,August,2021,12285,1,2019:01:03 18:28:44,1
93,2,September,2021,15352,1,2019:04:15 14:18:14,1
94,2,October,2021,12386,1,2019:02:18 15:07:27,1
95,2,November,2021,12047,1,2020:01:26 11:23:14,1
96,2,December,2021,14894,1,2022:04:06 10:29:53,1
97,2,January,2022,16000,1,2024:01:27 22:24:19,1
98,2,February,2022,11097,1,2024:02:05 20:02:16,1
99,2,March,2022,10463,1,2019:03:01 16:58:28,1
100,2,April,2022,11853,1,2024:04:08 20:23:32,1
101,2,May,2022,18940,1,2021:03:09 10:43:35,1
102,2,June,2022,15807,1,2019:04:22 15:34:35,1
103,2,July,2022,19143,1,2019:03:25 09:01:20,1
104,2,August,2022,16167,1,2022:04:27 22:48:02,1
105,2,September,2022,15694,1,2021:05:22 09:19:42,1
106,2,October,2022,17441,1,2024:05:13 15:36:56,1
107,2,November,2022,16129,1,2022:03:30 14:58:27,1
108,2,December,2022,15402,1,2021:03:11 11:59:40,1
109,2,January,2023,16718,1,2023:05:15 21:22:03,1
110,2,February,2023,17896,1,2021:05:31 13:27:41,1
111,2,March,2023,19300,1,2023:03:30 09:11:38,1
112,2,April,2023,12548,1,2019:04:14 19:07:18,1
113,2,May,2023,14519,1,2022:04:29 11:17:46,1
114,2,June,2023,12156,1,2020:04:06 11:37:05,1
115,2,July,2023,18378,1,2020:01:17 12:18:05,1
116,2,August,2023,18016,1,2020:04:19 22:06:02,1
117,2,September,2023,12716,1,2021:05:14 14:11:00,1
118,2,October,2023,15494,1,2020:03:09 21:25:00,1
119,2,November,2023,13936,1,2024:03:27 16:09:03,1
120,2,December,2023,16482,1,2024:03:05 17:51:37,1
121,3,January,2019,13677,1,2023:05:29 20:21:25,1
122,3,February,2019,16993,1,2024:05:15 16:44:16,1
123,3,March,2019,11034,1,2022:05:01 22:28:12,1
124,3,April,2019,11391,1,2023:05:10 12:58:12,1
125,3,May,2019,19094,1,2020:03:11 22:34:57,1
126,3,June,2019,15751,1,2023:05:07 17:03:34,1
127,3,July,2019,15336,1,2022:02:21 19:38:58,1
128,3,August,2019,14816,1,2023:01:02 14:47:57,1
129,3,September,2019,10423,1,2019:04:29 19:14:06,1
130,3,October,2019,14787,1,2024:01:11 16:38:46,1
131,3,November,2019,10855,1,2021:03:08 12:07:33,1
132,3,December,2019,10973,1,2023:04:23 16:03:02,1
133,3,January,2020,10837,1,2023:05:01 09:11:21,1
134,3,February,2020,11823,1,2023:02:09 10:54:40,1
135,3,March,2020,14275,1,2019:01:01 12:30:06,1
136,3,April,2020,18936,1,2024:03:05 18:36:30,1
137,3,May,2020,19248,1,2024:02:06 11:46:27,1
138,3,June,2020,18179,1,2023:02:15 17:15:29,1
139,3,July,2020,13516,1,2019:02:03 19:15:19,1
140,3,August,2020,18191,1,2021:04:24 11:39:23,1
141,3,September,2020,12164,1,2020:03:29 09:08:31,1
142,3,October,2020,17248,1,2020:02:09 15:14:52,1
143,3,November,2020,14028,1,2020:02:22 20:34:54,1
144,3,December,2020,11881,1,2023:01:28 11:23:26,1
145,3,January,2021,15822,1,2022:02:06 11:18:28,1
146,3,February,2021,15769,1,2022:02:19 20:32:31,1
147,3,March,2021,19551,1,2022:03:30 21:43:30,1
148,3,April,2021,13490,1,2020:02:21 21:31:02,1
149,3,May,2021,17540,1,2020:02:23 18:38:18,1
150,3,June,2021,14257,1,2023:01:16 10:25:33,1
151,3,July,2021,19401,1,2024:04:23 09:27:48,1
152,3,August,2021,15271,1,2020:03:17 14:00:03,1
153,3,September,2021,18845,1,2019:05:07 15:12:31,1
154,3,October,2021,19076,1,2019:05:07 11:10:08,1
155,3,November,2021,10065,1,2023:02:17 11:08:00,1
156,3,December,2021,15303,1,2020:01:25 21:05:17,1
157,3,January,2022,12672,1,2020:05:21 19:16:40,1
158,3,February,2022,19961,1,2024:04:26 15:21:08,1
159,3,March,2022,18030,1,2020:02:07 18:55:09,1
160,3,April,2022,16751,1,2020:05:21 18:05:22,1
161,3,May,2022,15592,1,2024:03:02 12:28:20,1
162,3,June,2022,18148,1,2022:02:06 17:57:10,1
163,3,July,2022,15869,1,2019:04:02 12:26:45,1
164,3,August,2022,19307,1,2024:01:06 15:31:22,1
165,3,September,2022,16406,1,2022:01:06 12:57:32,1
166,3,October,2022,13321,1,2023:01:21 11:10:47,1
167,3,November,2022,12679,1,2021:03:19 10:42:13,1
168,3,December,2022,17270,1,2021:05:07 18:31:19,1
169,3,January,2023,14002,1,2019:04:11 16:34:52,1
170,3,February,2023,13256,1,2019:03:03 19:30:07,1
171,3,March,2023,13956,1,2020:02:29 18:26:05,1
172,3,April,2023,10435,1,2021:05:12 20:37:38,1
173,3,May,2023,18117,1,2020:02:07 12:42:09,1
174,3,June,2023,14906,1,2024:01:26 11:51:23,1
175,3,July,2023,18940,1,2021:03:27 14:06:14,1
176,3,August,2023,12674,1,2019:03:15 15:26:24,1
177,3,September,2023,10266,1,2022:02:20 09:15:31,1
178,3,October,2023,11961,1,2022:01:30 20:05:23,1
179,3,November,2023,17037,1,2021:01:08 19:36:41,1
180,3,December,2023,16866,1,2021:03:08 10:15:59,1
181,4,January,2019,14698,1,2019:02:04 11:17:48,1
182,4,February,2019,12815,1,2019:03:21 12:32:36,1
183,4,March,2019,11602,1,2021:02:10 15:53:42,1
184,4,April,2019,16116,1,2023:02:05 18:00:16,1
185,4,May,2019,16957,1,2023:03:12 10:10:05,1
186,4,June,2019,15351,1,2021:02:21 21:51:23,1
187,4,July,2019,10783,1,2024:03:22 19:00:06,1
188,4,August,2019,17695,1,2024:01:09 10:06:42,1
189,4,September,2019,17663,1,2023:05:12 18:18:54,1
190,4,October,2019,10359,1,2021:02:20 16:37:40,1
191,4,November,2019,13703,1,2020:05:09 21:27:08,1
192,4,December,2019,10816,1,2023:02:25 11:04:07,1
193,4,January,2020,16508,1,2020:05:29 13:35:17,1
194,4,February,2020,15614,1,2022:01:05 10:53:21,1
195,4,March,2020,12085,1,2019:01:21 17:14:30,1
196,4,April,2020,19528,1,2023:04:25 15:42:29,1
197,4,May,2020,19980,1,2019:03:13 13:00:28,1
198,4,June,2020,19825,1,2022:04:20 21:57:19,1
199,4,July,2020,15454,1,2022:02:05 10:47:28,1
200,4,August,2020,19820,1,2023:05:26 14:43:43,1
201,4,September,2020,11999,1,2021:06:17 14:21:50,1
202,4,October,2020,11679,1,2023:07:07 18:48:08,1
203,4,November,2020,16496,1,2023:08:18 11:33:48,1
204,4,December,2020,10034,1,2023:09:04 21:44:38,1
205,4,January,2021,10203,1,2024:10:14 18:29:01,1
206,4,February,2021,19965,1,2022:11:30 18:40:00,1
207,4,March,2021,15198,1,2021:12:06 20:47:51,1
208,4,April,2021,17243,1,2024:01:25 21:03:30,1
209,4,May,2021,17659,1,2019:02:06 16:32:15,1
210,4,June,2021,14026,1,2024:03:03 13:54:55,1
211,4,July,2021,17764,1,2021:04:30 11:06:06,1
212,4,August,2021,12608,1,2019:04:13 13:23:54,1
213,4,September,2021,12587,1,2022:01:16 19:57:48,1
214,4,October,2021,13285,1,2024:03:02 12:32:58,1
215,4,November,2021,13803,1,2019:08:27 14:07:46,1
216,4,December,2021,17833,1,2022:11:29 11:40:11,1
217,4,January,2022,19627,1,2020:07:18 16:55:20,1
218,4,February,2022,17996,1,2021:07:26 21:48:40,1
219,4,March,2022,11244,1,2022:12:03 15:40:17,1
220,4,April,2022,10584,1,2020:03:18 18:13:25,1
221,4,May,2022,10802,1,2021:03:20 15:51:12,1
222,4,June,2022,14536,1,2023:01:16 21:07:59,1
223,4,July,2022,18874,1,2020:06:04 09:20:27,1
224,4,August,2022,10565,1,2019:02:01 15:25:05,1
225,4,September,2022,16048,1,2024:08:09 16:13:37,1
226,4,October,2022,19481,1,2021:03:01 17:19:23,1
227,4,November,2022,14974,1,2020:07:27 18:13:55,1
228,4,December,2022,10811,1,2024:08:26 18:52:00,1
229,4,January,2023,11736,1,2024:08:20 15:44:55,1
230,4,February,2023,19711,1,2022:02:11 11:25:14,1
231,4,March,2023,17518,1,2019:11:07 13:33:07,1
232,4,April,2023,15121,1,2023:01:05 20:17:07,1
233,4,May,2023,14556,1,2024:08:03 18:04:00,1
234,4,June,2023,18431,1,2020:10:29 21:57:21,1
235,4,July,2023,11732,1,2019:11:15 18:23:16,1
236,4,August,2023,10325,1,2020:11:21 13:33:19,1
237,4,September,2023,13851,1,2022:07:09 19:48:16,1
238,4,October,2023,18405,1,2021:01:16 14:25:22,1
239,4,November,2023,18355,1,2020:08:17 21:47:37,1
240,4,December,2023,11699,1,2020:02:26 12:58:40,1
241,5,January,2019,15093,1,2020:06:11 12:54:39,1
242,5,February,2019,19244,1,2022:01:29 20:18:17,1
243,5,March,2019,18231,1,2023:06:25 22:37:29,1
244,5,April,2019,16000,1,2024:03:22 15:46:37,1
245,5,May,2019,10923,1,2019:11:05 22:09:04,1
246,5,June,2019,16536,1,2020:07:08 16:52:54,1
247,5,July,2019,14185,1,2019:05:24 20:51:39,1
248,5,August,2019,12095,1,2024:05:14 10:23:16,1
249,5,September,2019,19527,1,2023:03:11 16:48:54,1
250,5,October,2019,15820,1,2021:04:08 11:42:35,1
251,5,November,2019,17465,1,2022:07:26 10:15:58,1
252,5,December,2019,10582,1,2020:04:26 21:25:18,1
253,5,January,2020,12512,1,2019:10:17 21:46:56,1
254,5,February,2020,12906,1,2023:05:01 17:33:03,1
255,5,March,2020,13078,1,2019:02:24 09:02:44,1
256,5,April,2020,19862,1,2019:09:18 13:36:17,1
257,5,May,2020,12594,1,2023:11:28 20:46:06,1
258,5,June,2020,13023,1,2021:05:05 14:06:07,1
259,5,July,2020,17013,1,2019:05:02 17:16:53,1
260,5,August,2020,18200,1,2019:02:18 11:52:29,1
261,5,September,2020,19663,1,2024:11:16 10:49:26,1
262,5,October,2020,18945,1,2020:08:31 11:04:37,1
263,5,November,2020,12717,1,2022:02:21 22:58:38,1
264,5,December,2020,15088,1,2022:01:03 15:10:03,1
265,5,January,2021,14816,1,2021:10:01 21:03:44,1
266,5,February,2021,11984,1,2019:08:01 17:53:54,1
267,5,March,2021,16753,1,2024:02:11 21:16:51,1
268,5,April,2021,13510,1,2023:09:03 10:07:30,1
269,5,May,2021,16781,1,2023:11:28 14:55:47,1
270,5,June,2021,11666,1,2020:06:15 12:35:56,1
271,5,July,2021,19716,1,2020:02:19 18:01:41,1
272,5,August,2021,16487,1,2024:04:04 20:20:52,1
273,5,September,2021,17820,1,2023:06:14 20:43:19,1
274,5,October,2021,14534,1,2023:05:25 11:28:10,1
275,5,November,2021,13227,1,2023:10:19 18:53:25,1
276,5,December,2021,15768,1,2023:02:11 11:44:39,1
277,5,January,2022,16164,1,2022:10:23 16:33:44,1
278,5,February,2022,14270,1,2019:11:20 22:54:25,1
279,5,March,2022,16892,1,2024:11:28 09:27:41,1
280,5,April,2022,10177,1,2021:03:17 12:44:46,1
281,5,May,2022,12878,1,2022:07:04 12:17:46,1
282,5,June,2022,10310,1,2023:03:01 19:45:48,1
283,5,July,2022,16248,1,2022:06:16 18:03:24,1
284,5,August,2022,16329,1,2023:05:31 17:25:29,1
285,5,September,2022,15632,1,2021:08:17 15:19:07,1
286,5,October,2022,12750,1,2020:08:29 22:12:26,1
287,5,November,2022,17993,1,2021:10:21 21:08:38,1
288,5,December,2022,15009,1,2023:05:13 14:56:40,1
289,5,January,2023,18748,1,2022:11:11 12:11:38,1
290,5,February,2023,12278,1,2020:10:16 13:09:02,1
291,5,March,2023,19877,1,2020:08:02 22:37:36,1
292,5,April,2023,16226,1,2019:07:04 18:14:27,1
293,5,May,2023,19217,1,2020:12:09 14:45:21,1
294,5,June,2023,17503,1,2022:03:19 21:38:01,1
295,5,July,2023,10294,1,2020:05:19 17:08:59,1
296,5,August,2023,13016,1,2023:06:21 16:10:39,1
297,5,September,2023,10013,1,2020:12:20 17:42:20,1
298,5,October,2023,10027,1,2023:05:31 18:07:57,1
299,5,November,2023,16383,1,2021:01:27 09:24:09,1
300,5,December,2023,18089,1,2019:03:05 20:14:29,1
