ID,ProductID,Cost,Month,Year,CreatedBy,CreatedOn,IsActive
1,1,34,1,2019,1,2024-11-14 21:30:44,1
2,2,31,1,2019,1,2024-11-14 21:30:44,1
3,1,34,2,2019,1,2024-11-14 21:30:44,1
4,2,35,2,2019,1,2024-11-14 21:30:44,1
5,1,32,3,2019,1,2024-11-14 21:30:44,1
6,2,35,3,2019,1,2024-11-14 21:30:44,1
7,1,33,4,2019,1,2024-11-14 21:30:44,1
8,2,32,4,2019,1,2024-11-14 21:30:44,1
9,1,32,5,2019,1,2024-11-14 21:30:44,1
10,2,31,5,2019,1,2024-11-14 21:30:44,1
11,1,35,6,2019,1,2024-11-14 21:30:44,1
12,2,31,6,2019,1,2024-11-14 21:30:44,1
13,1,33,7,2019,1,2024-11-14 21:30:44,1
14,2,34,7,2019,1,2024-11-14 21:30:44,1
15,1,31,8,2019,1,2024-11-14 21:30:44,1
16,2,34,8,2019,1,2024-11-14 21:30:44,1
17,1,34,9,2019,1,2024-11-14 21:30:44,1
18,2,32,9,2019,1,2024-11-14 21:30:44,1
19,1,34,10,2019,1,2024-11-14 21:30:44,1
20,2,34,10,2019,1,2024-11-14 21:30:44,1
21,1,35,11,2019,1,2024-11-14 21:30:44,1
22,2,35,11,2019,1,2024-11-14 21:30:44,1
23,1,34,12,2019,1,2024-11-14 21:30:44,1
24,2,30,12,2019,1,2024-11-14 21:30:44,1
25,1,38,1,2020,1,2024-11-14 21:30:44,1
26,2,37,1,2020,1,2024-11-14 21:30:44,1
27,1,34,2,2020,1,2024-11-14 21:30:44,1
28,2,36,2,2020,1,2024-11-14 21:30:44,1
29,1,34,3,2020,1,2024-11-14 21:30:44,1
30,2,38,3,2020,1,2024-11-14 21:30:44,1
31,1,38,4,2020,1,2024-11-14 21:30:44,1
32,2,34,4,2020,1,2024-11-14 21:30:44,1
33,1,34,5,2020,1,2024-11-14 21:30:44,1
34,2,36,5,2020,1,2024-11-14 21:30:44,1
35,1,37,6,2020,1,2024-11-14 21:30:44,1
36,2,38,6,2020,1,2024-11-14 21:30:44,1
37,1,37,7,2020,1,2024-11-14 21:30:44,1
38,2,33,7,2020,1,2024-11-14 21:30:44,1
39,1,37,8,2020,1,2024-11-14 21:30:44,1
40,2,37,8,2020,1,2024-11-14 21:30:44,1
41,1,38,9,2020,1,2024-11-14 21:30:44,1
42,2,33,9,2020,1,2024-11-14 21:30:44,1
43,1,37,10,2020,1,2024-11-14 21:30:44,1
44,2,35,10,2020,1,2024-11-14 21:30:44,1
45,1,37,11,2020,1,2024-11-14 21:30:44,1
46,2,33,11,2020,1,2024-11-14 21:30:44,1
47,1,36,12,2020,1,2024-11-14 21:30:44,1
48,2,37,12,2020,1,2024-11-14 21:30:44,1
49,1,39,1,2021,1,2024-11-14 21:30:44,1
50,2,37,1,2021,1,2024-11-14 21:30:44,1
51,1,42,2,2021,1,2024-11-14 21:30:44,1
52,2,37,2,2021,1,2024-11-14 21:30:44,1
53,1,37,3,2021,1,2024-11-14 21:30:44,1
54,2,41,3,2021,1,2024-11-14 21:30:44,1
55,1,40,4,2021,1,2024-11-14 21:30:44,1
56,2,40,4,2021,1,2024-11-14 21:30:44,1
57,1,37,5,2021,1,2024-11-14 21:30:44,1
58,2,37,5,2021,1,2024-11-14 21:30:44,1
59,1,40,6,2021,1,2024-11-14 21:30:44,1
60,2,42,6,2021,1,2024-11-14 21:30:44,1
61,1,42,7,2021,1,2024-11-14 21:30:44,1
62,2,38,7,2021,1,2024-11-14 21:30:44,1
63,1,38,8,2021,1,2024-11-14 21:30:44,1
64,2,38,8,2021,1,2024-11-14 21:30:44,1
65,1,42,9,2021,1,2024-11-14 21:30:44,1
66,2,37,9,2021,1,2024-11-14 21:30:44,1
67,1,39,10,2021,1,2024-11-14 21:30:44,1
68,2,42,10,2021,1,2024-11-14 21:30:44,1
69,1,38,11,2021,1,2024-11-14 21:30:44,1
70,2,41,11,2021,1,2024-11-14 21:30:44,1
71,1,37,12,2021,1,2024-11-14 21:30:44,1
72,2,38,12,2021,1,2024-11-14 21:30:44,1
73,1,46,1,2022,1,2024-11-14 21:30:44,1
74,2,45,1,2022,1,2024-11-14 21:30:44,1
75,1,44,2,2022,1,2024-11-14 21:30:44,1
76,2,42,2,2022,1,2024-11-14 21:30:44,1
77,1,44,3,2022,1,2024-11-14 21:30:44,1
78,2,45,3,2022,1,2024-11-14 21:30:44,1
79,1,43,4,2022,1,2024-11-14 21:30:44,1
80,2,43,4,2022,1,2024-11-14 21:30:44,1
81,1,43,5,2022,1,2024-11-14 21:30:44,1
82,2,42,5,2022,1,2024-11-14 21:30:44,1
83,1,47,6,2022,1,2024-11-14 21:30:44,1
84,2,46,6,2022,1,2024-11-14 21:30:44,1
85,1,42,7,2022,1,2024-11-14 21:30:44,1
86,2,44,7,2022,1,2024-11-14 21:30:44,1
87,1,42,8,2022,1,2024-11-14 21:30:44,1
88,2,43,8,2022,1,2024-11-14 21:30:44,1
89,1,44,9,2022,1,2024-11-14 21:30:44,1
90,2,47,9,2022,1,2024-11-14 21:30:44,1
91,1,42,10,2022,1,2024-11-14 21:30:44,1
92,2,47,10,2022,1,2024-11-14 21:30:44,1
93,1,43,11,2022,1,2024-11-14 21:30:44,1
94,2,46,11,2022,1,2024-11-14 21:30:44,1
95,1,42,12,2022,1,2024-11-14 21:30:44,1
96,2,43,12,2022,1,2024-11-14 21:30:44,1
97,1,48,1,2023,1,2024-11-14 21:30:44,1
98,2,49,1,2023,1,2024-11-14 21:30:44,1
99,1,48,2,2023,1,2024-11-14 21:30:44,1
100,2,48,2,2023,1,2024-11-14 21:30:44,1
101,1,50,3,2023,1,2024-11-14 21:30:44,1
102,2,48,3,2023,1,2024-11-14 21:30:44,1
103,1,46,4,2023,1,2024-11-14 21:30:44,1
104,2,46,4,2023,1,2024-11-14 21:30:44,1
105,1,50,5,2023,1,2024-11-14 21:30:44,1
106,2,46,5,2023,1,2024-11-14 21:30:44,1
107,1,47,6,2023,1,2024-11-14 21:30:44,1
108,2,46,6,2023,1,2024-11-14 21:30:44,1
109,1,48,7,2023,1,2024-11-14 21:30:44,1
110,2,48,7,2023,1,2024-11-14 21:30:44,1
111,1,48,8,2023,1,2024-11-14 21:30:44,1
112,2,47,8,2023,1,2024-11-14 21:30:44,1
113,1,48,9,2023,1,2024-11-14 21:30:44,1
114,2,50,9,2023,1,2024-11-14 21:30:44,1
115,1,45,10,2023,1,2024-11-14 21:30:44,1
116,2,49,10,2023,1,2024-11-14 21:30:44,1
117,1,50,11,2023,1,2024-11-14 21:30:44,1
118,2,48,11,2023,1,2024-11-14 21:30:44,1
119,1,49,12,2023,1,2024-11-14 21:30:44,1
120,2,47,12,2023,1,2024-11-14 21:30:44,1
